Checked AuthorID,Total Count
222209,106
227398,34
226212,87
222511,4
227009,4
227377,163
215216,34
222042,145
224446,31
223493,38
222052,65
217919,37
212968,280
219538,44
223945,18
225181,53
220131,33
217530,62
212527,139
216174,96
221901,68
218256,23
213667,46
225503,108
224767,39
222749,85
224522,8
224476,5
219436,27
217971,16
222624,17
219424,24
223011,45
227097,118
221794,215
222755,54
220135,34
223454,76
222582,64
225549,126
222037,97
225827,49
223905,41
216205,108
219260,7
223664,73
222778,14
217940,12
223958,5
223445,12
213540,7
216518,32
220217,6
223019,57
223212,16
223548,6
211429,5
212477,1
216370,38
217573,62
213553,36
224066,20
215450,15
211741,56
227203,5
211981,1
225389,8
213999,55
219334,31
215471,43
224577,18
220226,26
218009,78
218200,12
223444,38
217901,48
219601,4
221281,16
224257,10
224645,27
223396,8
223549,19
116990,9
213263,8
227084,81
215342,10
212149,18
227078,37
213817,40
223762,31
223728,109
214966,43
213810,36
211495,34
211483,164
213570,23
212649,12
213267,6
215437,27
225376,18
220218,18
226531,3
218289,16
217992,61
219446,18
223416,6
220196,19
213554,18
227021,15
211552,5
216191,87
220115,68
211438,15
225269,4
215836,36
216023,9
217419,15
224597,27
218699,60
218108,42
211751,17
222113,22
215945,48
224005,15
221889,18
213926,158
211507,6
213202,11
220368,1
220298,7
221273,8
216622,65
218021,26
223914,17
223361,43
225596,5
222371,20
223732,12
212359,1
222992,14
211537,42
213983,2
217171,11
224680,12
220167,62
217097,83
215997,2
223743,6
213211,8
213391,1
222116,65
213800,40
217072,46
215948,98
213360,76
227142,7
217851,12
219375,126
221259,31
212357,17
219653,33
221104,40
216005,3
217122,15
222880,35
214115,21
221712,13
218002,46
220247,22
217213,1
217517,21
221950,2
226351,13
221378,53
211459,34
223069,128
222760,58
225976,37
223174,9
225798,152
217853,32
224956,2
225926,101
212367,47
225826,268
220060,1
221892,3
218250,89
214882,24
223661,6
221272,15
223407,24
223900,113
217132,4
211598,4
217174,8
217294,4
223763,31
222079,3
225204,25
218786,55
224231,3
221897,19
219546,9
225693,3
224198,23
220138,91
223957,4
219402,22
219939,35
224110,43
217418,70
226350,2
227266,68
222434,4
216792,127
226967,54
223317,29
222493,6
220263,4
220398,4
227291,13
223093,16
223599,39
218165,89
217209,4
223281,31
212559,29
221283,25
178295,44
223553,16
226042,15
224358,12
170552,15
216276,16
226385,21
217766,29
227133,12
220045,49
211534,8
224572,60
227254,7
225728,29
218776,34
213611,3
215416,37
222678,38
219468,70
222426,25
220836,9
222377,18
222949,71
213065,51
226483,27
224637,55
215191,88
227152,20
223924,32
215532,42
217865,6
216750,25
221275,32
226206,2
227147,5
224484,20
217104,2
213574,9
221739,59
221062,27
216187,95
219505,53
222006,2
218815,15
225536,9
219522,74
222843,29
224561,27
218292,2
104651,14
212834,2
220363,1
219898,5
219517,34
220346,8
224750,10
220382,43
220015,12
219718,52
226311,1
224711,3
224185,51
227323,1
221271,4
220652,4
219191,4
215253,6
220459,13
221838,39
221815,27
220959,143
221516,18
222554,19
223402,15
224673,65
220727,62
227136,1
226103,18
220504,5
224550,5
224596,11
222900,36
211611,43
214826,52
219512,5
223593,6
219555,3
214318,22
224079,22
103429,5
219905,17
213326,8
224055,2
223806,21
220014,10
215458,11
223080,58
221229,8
223424,16
223051,4
215830,7
222873,14
223786,7
218803,1
219715,18
224609,33
221184,14
222966,4
221245,36
211428,29
213816,25
226230,22
219561,8
225149,8
226994,95
214241,78
217678,26
224199,6
215820,13
222538,4
216797,30
212403,2
214644,41
212798,115
221100,7
220127,20
226015,5
222811,50
227069,38
216431,150
217987,15
212302,11
221641,8
217697,17
221031,3
214749,2
219983,27
223648,15
216108,19
212874,2
217159,3
218056,19
214658,3
223952,57
212876,30
225878,20
221118,22
222977,22
219480,13
220478,7
227211,1
211522,71
221133,2
221268,47
213271,86
215811,18
112284,49
225805,75
211496,6
215874,36
222363,11
218157,8
219936,8
217575,43
223853,102
223910,29
226697,4
223235,28
212224,21
221911,5
211431,7
215337,7
220109,52
226713,6
219454,26
224047,5
217816,7
211891,15
227202,19
213753,46
226023,6
212607,13
220296,9
225792,29
217954,33
123616,11
122598,13
221944,56
223649,34
213859,4
227362,9
220236,23
223915,50
215823,1
211423,7
223234,6
221878,30
211815,12
226843,5
226833,5
227033,27
224179,42
219850,129
219725,9
224088,20
220735,26
223535,19
219872,13
216092,34
213521,36
215635,7
211466,19
222846,20
211414,7
218227,18
211511,17
219973,92
221865,49
221240,4
221802,44
216882,31
224423,37
224397,13
225253,1
220304,18
221786,7
211752,9
213450,4
218178,6
224444,15
220476,4
214614,12
219285,3
224382,22
215955,8
218146,6
224054,14
223003,1
224148,11
227338,49
225527,10
223819,4
223381,15
224381,30
217440,17
217873,12
222720,4
213193,7
214477,7
211420,6
219764,6
225741,4
224014,5
226798,17
221084,33
212481,13
213701,14
217180,3
227268,16
222994,7
219988,11
214272,37
216328,12
217885,7
223736,1
227056,59
211461,5
212503,49
219273,11
221964,38
213944,9
212033,15
213048,15
221972,26
220317,2
215409,14
224104,5
219615,2
221942,4
211460,19
224589,19
222566,15
212871,1
220027,4
220152,43
219451,17
224337,2
216324,6
226760,3
222076,2
218876,9
222785,29
217779,1
221518,2
215732,4
223519,2
211462,22
225997,64
211540,48
220626,14
217612,3
225697,3
219477,61
225650,3
225925,8
215848,4
222963,82
213596,29
224768,3
225692,21
220547,3
221974,46
223719,10
